OPPORTUNITY NUMBER,OPPORTUNITY TITLE,AGENCY CODE,AGENCY NAME,CATEGORY OF FUNDING ACTIVITY,FUNDING CATEGORY EXPLANATION,FUNDING INSTRUMENT TYPE,ASSISTANCE LISTINGS,ESTIMATED TOTAL FUNDING,EXPECTED NUMBER OF AWARDS,AWARD CEILING,AWARD FLOOR,COST SHARING / MATCH REQUIREMENT,LINK TO ADDITIONAL INFORMATION,GRANTOR CONTACT,GRANTOR CONTACT PHONE,GRANTOR CONTACT EMAIL,ESTIMATED POST DATE,ESTIMATED APPLICATION DUE DATE,POSTED DATE,CLOSE DATE,LAST UPDATED DATE/TIME,VERSION,OPPORTUNITY STATUS,OPPORTUNITY PACKAGE,SYNOPSIS ARCHIVED,FUNDING DESCRIPTION,ELIGIBLE APPLICANTS,funding_description_lower,keyword_women,keyword_black
"=HYPERLINK(""https://www.grants.gov/search-results-detail/358378"",""EMB-BANGUI-PDS-AEIF-FY25-001"")",Alumni Engagement Innovation Fund (AEIF) 2025,DOS-CAF,U.S. Mission to Central African Republic,"Other (see text field entitled ""Explanation of Other Category of Funding Activity"" for clarification)",Public Diplomacy,Grant,19.022 - Educational and Cultural Exchange Programs Appropriation Overseas Grants,70000.0,2.0,35000,5000,No,,Mission Bangui Public Affairs Grants Management Team,,banguigrants@state.gov,,,2025-01-23,02/28/2025,Jan-23-2025 10:37:38 AM EST,Synopsis 1,Archived,Yes,Yes,"AEIF provides alumni of U.S.-sponsored and -facilitated exchange programs with funding to expand on skills gained during their exchange experience in order to design and implement innovative solutions to global challenges facing their community. Since its inception in 2011,AEIF has funded nearly 500 alumni-led projects around the world through a competitive global competition. 
U.S. Embassy Bangui will accept public service projects proposed and managed by teams of at least two (2) alumni that support one or more of the following themes:
•            English language instruction and learning
•            Women’s economic empowerment
•            Peace and reconciliation
•            Justice and rule of law
•            Education and teaching
 
 ","Individuals; Others (see text field entitled ""Additional Information on Eligibility"" for clarification)","aeif provides alumni of u.s.-sponsored and -facilitated exchange programs with funding to expand on skills gained during their exchange experience in order to design and implement innovative solutions to global challenges facing their community. since its inception in 2011,aeif has funded nearly 500 alumni-led projects around the world through a competitive global competition. 
u.s. embassy bangui will accept public service projects proposed and managed by teams of at least two (2) alumni that support one or more of the following themes:
•            english language instruction and learning
•            women’s economic empowerment
•            peace and reconciliation
•            justice and rule of law
•            education and teaching
 
 ",True,False
"=HYPERLINK(""https://www.grants.gov/search-results-detail/358347"",""PDS-FI-FY25-01"")",U.S. Embassy in Finland Public Diplomacy Annual Program Statement,DOS-FIN,U.S. Mission to Finland,"Other (see text field entitled ""Explanation of Other Category of Funding Activity"" for clarification)",Public Diplomacy,Cooperative Agreement; Grant,19.040 - Public Diplomacy Programs,,5.0,20000,5000,No,https://fi.usembassy.gov/notice-of-funding-opportunity/,"If you have difficulty accessing the full announcement electronically, please contact:",,HelsinkiGrants@state.gov,,,2025-01-21,03/28/2025,Feb-11-2025 02:53:46 AM EST,Synopsis 7,Closed,Yes,No,"Priority Program Areas: The Public Diplomacy Section (PDS) at the U.S. embassy in Helsinki, Finland, invites proposals for programs that promote bilateral cooperation, highlight shared values, and focus specifically on the following priority areas:  •	Promoting economic prosperity and entrepreneurship, especially the facilitation of technology and innovation cooperation •	Addressing global security challenges and increasing understanding of Finland’s integration into NATO, including programs in support of Women, Peace, and Security (WPS) initiatives •	Promoting youth, academic, and professional exchange programs •	Promoting Arctic and High North collaboration The following types of programs are not eligible for funding: •	Programs relating to partisan political activities •	Charitable or development activities •	Construction programs •	Fund-raising campaigns •	Lobbying for specific legislation •	Programs intended primarily for the growth or institutional development of the organization •	Programs intended for an individual’s personal enrichment or career development (including studies, study trips, conference participation or travel) •	Programs implemented by an individual applicant with the intention of distributing funds to other implementors or participants •	Programs which audiences’ age is below upper secondary/high school •	Artist residencies •	For-profit entities•	None of the funds awarded resulting from this Notice of Funding Opportunity may be made available for subawards, direct financial support, or otherwise used to provide any payment or transfer to United Nations Relief and Works Agency (UNRWA). The Notice of Funding Opportunity has been updated February 11 with the following:Certification Regarding Compliance with applicable Federal anti-discrimination lawsNone of the funds awarded under this Notice of Funding Opportunity (NOFO) may be used for any initiatives or programs, or any activities that do not comply with Executive Order 14173 titled Ending Illegal Discrimination and Restoring Merit-Based Opportunity.By signing the SF-424 or SF-424I Application for Federal Assistance, the Applicant certifies the following:1) Its compliance in all respects with all applicable Federal anti-discrimination laws is material to the government’s payment decisions for purposes of section 3729(b)(4) of title 31, United States Code and;2) It does not operate any programs promoting Diversity, Equity, and Inclusion that violate any applicable Federal anti-discrimination laws.","State governments; County governments; City or township governments; Special district governments; Independent school districts; Public and State controlled institutions of higher education; Native American tribal governments (Federally recognized); Public housing authorities/Indian housing authorities; Native American tribal organizations (other than Federally recognized tribal governments); Nonprofits having a 501(c)(3) status with the IRS, other than institutions of higher education; Nonprofits that do not have a 501(c)(3) status with the IRS, other than institutions of higher education; Private institutions of higher education; Individuals","priority program areas: the public diplomacy section (pds) at the u.s. embassy in helsinki, finland, invites proposals for programs that promote bilateral cooperation, highlight shared values, and focus specifically on the following priority areas:  •	promoting economic prosperity and entrepreneurship, especially the facilitation of technology and innovation cooperation •	addressing global security challenges and increasing understanding of finland’s integration into nato, including programs in support of women, peace, and security (wps) initiatives •	promoting youth, academic, and professional exchange programs •	promoting arctic and high north collaboration the following types of programs are not eligible for funding: •	programs relating to partisan political activities •	charitable or development activities •	construction programs •	fund-raising campaigns •	lobbying for specific legislation •	programs intended primarily for the growth or institutional development of the organization •	programs intended for an individual’s personal enrichment or career development (including studies, study trips, conference participation or travel) •	programs implemented by an individual applicant with the intention of distributing funds to other implementors or participants •	programs which audiences’ age is below upper secondary/high school •	artist residencies •	for-profit entities•	none of the funds awarded resulting from this notice of funding opportunity may be made available for subawards, direct financial support, or otherwise used to provide any payment or transfer to united nations relief and works agency (unrwa). the notice of funding opportunity has been updated february 11 with the following:certification regarding compliance with applicable federal anti-discrimination lawsnone of the funds awarded under this notice of funding opportunity (nofo) may be used for any initiatives or programs, or any activities that do not comply with executive order 14173 titled ending illegal discrimination and restoring merit-based opportunity.by signing the sf-424 or sf-424i application for federal assistance, the applicant certifies the following:1) its compliance in all respects with all applicable federal anti-discrimination laws is material to the government’s payment decisions for purposes of section 3729(b)(4) of title 31, united states code and;2) it does not operate any programs promoting diversity, equity, and inclusion that violate any applicable federal anti-discrimination laws.",True,False
